Data;Obs;Hora_Coleta;P24h;P72h;P1_pH;P2_pH;P2i_pH;P2ii_pH;P3_pH;P1_Cond;P2_Cond;P2i_Cond;P2ii_Cond;P3_Cond;P1_Temp_Ag;P2_Temp_Ag;P2i_Temp_Ag;P2ii_Temp_Ag;P3_Temp_Ag;P1_OD;P2_OD;P2i_OD;P2ii_OD;P3_OD;Dif_3_1;P1_Turb;P2_Turb;P2i_Turb;P2ii_Turb;P3_Turb;P1_P;P2_P_;P2_P;P3_P;P1_NH4;P2_NH4;P3_NH4;P1_NO2;P2_NO2;P3_NO2;P1_NO3;P2_NO3;P3_NO3;P1_DBO;P2_DBO;P3_DBO;P1_CT;P2_CT;P3_CT;P1_CF;P2_CF;P3_CF;P1_ST;P2_ST;P3_ST;P1_Po;P1_P2;P2_Po;P2_P2;P3_Po;P3_P2;Altura_da_regua_1;Altura_da_regua_2;Lâmina de água (cm);Q (l/s);Vel (cm/s);HRT (h);Temp;Radiacao;P_hor;P24h;P72h;Temp Media 24h (ºC);Temp Min24 h (ºC);Temp Max 24 h (ºC);Rad Media 24 h (W/m2);RadMin24 h;Rad Max 24 h (W/m2);Mes_;Est_;Data_hora_coleta;P2h;P6h;P12h;i_Qual1;i_Qual2;i_Vazao;i_Med_alt;i_Poda;ip24h;ip72h;i2p24h;i2p72h;P1_CF_log;P2_CF_log;P3_CF_log;"P24h(0;1)"
27/09/2022;;12:00;0;14,2;;;;;;;;;;;;;;;;;;;;;;;;;;;;;;;;;;;;;;;;;;;;;;;;;;;;;;;;;;;;;;;;24;939;0;0;14;18,5;14,7;24;182;0;939;9;PRI;9/27/2022 12:00:00;0;0;0;1;1;1;0;0;-;-;-;1;;;;
28/09/2022;;;0;14,2;;;;;;;;;;;;;;;;;;;;;;;;;;;;;;;;;;;;;;;;;;;;;;;;;;;;;;;;;;;;;;;;20,1;366;0;0;14;20;17,4;24,2;153;0;928;9;PRI;;0;0;0;1;1;1;0;0;-;-;-;1;;;;
29/09/2022;;;0;0;;;;;;;;;;;;;;;;;;;;;;;;;;;;;;;;;;;;;;;;;;;;;;;;;;;;;;;;;;;;;;;;20,5;855;0;0;0;18,1;14,5;21,4;218;0;855;9;PRI;;0;0;0;1;1;1;0;0;-;-;-;-;;;;
30/09/2022;;;0,8;0,8;;;;;;;;;;;;;;;;;;;;;;;;;;;;;;;;;;;;;;;;;;;;;;;;;;;;;;;;;;;;;;;;17,4;111;0;1;1;17,1;15;20,6;120;0;729;9;PRI;;0;0;0,8;1;1;1;0;0;-;-;1;1;;;;
01/10/2022;FINAL DE SEMANA;;3;4,4;;;;;;;;;;;;;;;;;;;;;;;;;;;;;;;;;;;;;;;;;;;;;;;;;;;;;;;;;;;;;;;;22,8;1004;0;3;4;17,7;16,3;22,8;156;0;1004;10;PRI;;0;0;1,6;1;1;1;0;0;-;-;1;1;;;;>0
02/10/2022;FINAL DE SEMANA;;0,4;4,8;;;;;;;;;;;;;;;;;;;;;;;;;;;;;;;;;;;;;;;;;;;;;;;;;;;;;;;;;;;;;;;;21,1;946;0;0;5;19,6;15,8;24,4;240;0;965;10;PRI;;0;0;0;1;1;1;0;0;-;-;1;1;;;;>0
03/10/2022;Retirada macrófitas da superfície da lagoa;;0;4;;;;;;;;;;;;;;;;;;;;;;;;;;;;;;;;;;;;;;;;;;;;;;;;;;;;;;;;;;;;;;;;21,9;784;0;0;4;18,5;14,4;21,9;194;0;958;10;PRI;;0;0;0;1;1;1;0;0;-;-;-;1;;;;-
04/10/2022;Retirada macrófitas da superfície da lagoa;;0;0,4;;;;;;;;;;;;;;;;;;;;;;;;;;;;;;;;;;;;;;;;;;;;;;;;;;;;;;;;;;;;;;;;19;550;0;0;0;17,8;15,9;22;211;0;1020;10;PRI;;0;0;0;1;1;1;0;0;-;-;-;1;;;;-
05/10/2022;;09:30;0;0;7;;;;6,7;219;;;;260;20,5;;;;20,2;3,4;;;;4,53;1,13;8,03;;;;9,84;0,19;;;0,49;2,53;;1,29;0,04;;0,12;0,88;;1,22;2,01;;14;;;;;;;530;;1070;67,2355;67,262;;;71,3025;71,356;17,8;18,6;0,8;0,51;;;21,7;510;0;0;0;17,5;16;21,7;140;0;611;10;PRI;10/05/2022 09:30;0;0;0;1;1;1;0;0;-;-;-;-;;;;-
06/10/2022;;10:30;4,4;4,4;;;;;;340;;;;265;20,2;;;;20,2;1,53;;;;6,5;4,97;;;;;;;;;;;;;;;;;;;;;;;;;;;;;;;;;;;;;17,8;18,4;0,6;0,33;;;20;43;3;4;4;19,8;17,9;22,1;84;0;507;10;PRI;10/06/2022 10:30;0;0;1;1;1;1;0;0;-;-;1;1;;;;>0
07/10/2022;;09:00;10,6;18,8;;;;;;374;;;;252;19,9;;;;21,4;4,22;;;;3,66;-0,56;;;;;;;;;;;;;;;;;;;;;;;;;;;;;;;;;;;;;17,8;18,6;0,8;0,51;;;21,3;440;0;11;19;20,3;18,1;24,3;120;0;746;10;PRI;10/07/2022 09:00;0;0;0;1;1;1;0;0;-;-;1;1;;;;>0
08/10/2022;FINAL DE SEMANA;;0,2;19;;;;;;;;;;;;;;;;;;;;;0;;;;;;;;;;;;;;;;;;;;;;;;;;;;;;;;;;;;;;;;;;;24,1;1011;0;0;19;17,6;12,1;24,1;267;0;1011;10;PRI;;0;0;0,2;1;1;1;0;0;-;-;1;1;;;;>0
09/10/2022;FINAL DE SEMANA;;0;14,6;;;;;;;;;;;;;;;;;;;;;0;;;;;;;;;;;;;;;;;;;;;;;;;;;;;;;;;;;;;;;;;;;20;667;0;0;15;20,6;17,3;24,6;254;0;1000;10;PRI;;0;0;0;1;1;1;0;0;-;-;-;1;;;;-
10/10/2022;Extravasamento;11:30;53,2;53,4;;;;;;168;;;;181;16;;;;16;;;;;2;2;;;;;;;;;;;;;;;;;;;;;;;;;;;;;;;;;;;;;;;;;;;13,2;36;11;53;53;15,1;12,5;20,2;163;0;993;10;PRI;10/10/2022 11:30;12,8;32;42,6;1;1;1;0;0;-;-;1;1;;;;>0
11/10/2022;;12:30;23,6;84,2;;;;;;372;;;;210;15,6;;;;16,6;5,99;;;;6,64;0,65;;;;;;;;;;;;;;;;;;;;;;;;;;;;;;;;;;;;;;;;;;;19,8;406;0;24;84;15,6;13,4;19,8;51;0;406;10;PRI;10/11/2022 12:30;0;7,6;9,4;1;1;1;0;0;-;-;1;1;;;;>0
12/10/2022;;;4;88,2;;;;;;;;;;;;;;;;;;;;;0;;;;;;;;;;;;;;;;;;;;;;;;;;;;;;;;;;;;;;;;;;;23,3;462;0;4;88;20,4;18,6;23,3;95;0;462;10;PRI;;0;0;0;1;1;1;0;0;-;-;1;1;;;;>0
13/10/2022;;08:15;3,2;38,2;7,2;;;;6,9;289;;;;363;20,6;;;;20,4;3,88;;;;4,53;0,65;5,1;;;;5,75;;;;;2,19;;1,97;0,23;;0,27;2,38;;;2,4;;2,3;;;;;;;144;;190;64,3637;64,3709;;;57,4538;57,4633;17,5;19,2;1,7;1,58;;;21,3;418;0;3;38;19,4;18,3;23,1;140;0;808;10;PRI;10/13/2022 8:15:00;1;1;1;1;1;1;0;0;1;1;1;1;;;;>0
14/10/2022;;13:00;15,2;22,4;;;;;;203;;;;268;20;;;;20,6;4,96;;;;4,89;-0,07;;;;;;;;;;;;;;;;;;;;;;;;;;;;;;;;;;;;;17,5;19,5;2;2,01;;;19,7;168;0;15;22;20,7;19,1;24,4;118;0;669;10;PRI;10/14/2022 13:00:00;0,4;2,2;8,2;1;1;1;0;0;-;-;1;1;;;;>0
15/10/2022;FINAL DE SEMANA;;8,8;27,6;;;;;;;;;;;;;;;;;;;;;0;;;;;;;;;;;;;;;;;;;;;;;;;;;;;;;;;;;;;;;;;;;21,1;425;0;9;28;17,8;16;21,1;72;0;425;10;PRI;;0;0,6;6;1;1;1;0;0;-;-;1;1;;;;>0
16/10/2022;FINAL DE SEMANA;;21,8;46,2;;;;;;;;;;;;;;;;;;;;;0;;;;;;;;;;;;;;;;;;;;;;;;;;;;;;;;;;;;;;;;;;;20;127;1;22;46;19,6;18,3;21,4;80;0;506;10;PRI;;5,2;13,8;20;1;1;1;0;0;-;-;1;1;;;;>0
17/10/2022;;09:10;0,2;31,2;7,1;;;;7,3;504;;;;365;20,5;;;;20,6;2,83;;;;0,26;-2,57;;;;;;;;;;;;;;;;;;;;;;;;;;;;;;;;;;;;;17,5;19,4;1,9;1,86;;;21,9;985;0;0;31;20,3;18,1;22,4;175;0;985;10;PRI;10/17/2022 9:10:00;0;0;0;1;1;1;0;0;-;-;1;1;;;;>0
18/10/2022;Extravasamento Esgoto ;14:00;0;22;7,2;;;;7,5;647;;;;526;21,5;;;;21,6;1,81;;;;0,29;-1,52;;;;;;;;;;;;;;;;;;;;;;;;;;;;;;;;;;;;;17,5;23;5,5;8,99;;;22,6;315;0;0;22;20,8;19,4;22,6;169;0;943;10;PRI;10/18/2022 14:00:00;0;0;0;1;1;1;0;0;-;-;-;1;;;;-
19/10/2022;;14:00;9,6;9,8;7,3;;;;7,5;458;;;;327;26;;;;26;3,25;;;;0,57;-2,68;;;;;;;;;;;;;;;;;;;;;;;;;;;;;;;;;;;;;15,7;17,4;1,7;1,58;;;25,4;1016;0;10;10;19,9;17,6;25,4;189;0;1016;10;PRI;10/19/2022 14:00:00;0;0;0;1;1;1;0;0;-;-;1;1;;;;>0
20/10/2022;1a medição das folhas 20/10;16:00;0,8;10,4;7,4;;;;7,3;262;;;;340;26;;;;25,6;3,61;;;;4;0,39;;;;;;;;;;;;;;;;;;;;;;;;;;;;;;;;;;;;;15,7;17;1,3;1,06;;;23,7;408;0;1;10;21,7;19,9;26,7;167;0;1004;10;PRI;10/20/2022 16:00:00;0;0;0,2;1;1;1;1;0;-;-;1;1;;;;>0
21/10/2022;;14:00;0;10,4;6;;;;7,2;462;;;;337;27,2;;;;26,6;1,6;;;;4,43;2,83;;;;;;;;;;;;;;;;;;;;;;;;;;;;;;;;;;;;;15,7;17;1,3;1,06;;;28;1030;0;0;10;22,8;20,7;28;201;0;1030;10;PRI;10/21/2022 14:00:00;0;0;0;1;1;1;0;0;-;-;-;1;;;;-
22/10/2022;FINAL DE SEMANA;;3,4;4,2;;;;;;;;;;;;;;;;;;;;;0;;;;;;;;;;;;;;;;;;;;;;;;;;;;;;;;;;;;;;;;;;;23,3;1107;0;3;4;21,6;17;29,5;289;0;1107;10;PRI;;0;0;0;1;1;1;0;0;-;-;1;1;;;;>0
23/10/2022;FINAL DE SEMANA;;0;3,4;;;;;;;;;;;;;;;;;;;;;0;;;;;;;;;;;;;;;;;;;;;;;;;;;;;;;;;;;;;;;;;;;25,4;1044;0;0;3;20,5;17,2;25,4;293;0;1044;10;PRI;;0;0;0;1;1;1;0;0;-;-;-;1;;;;-
24/10/2022;;08:30;22,8;26,2;7,5;;;;7;266;;;;258;21,2;;;;22;5,44;;;;4,43;-1,01;;;;;;;;;;;;;;;;;;;;;;;;;;;;;;;;;;;;;15,7;17,2;1,5;1,31;;;22,1;1044;0;23;26;20,3;17,5;26,2;291;0;1044;10;PRI;10/24/2022 8:30:00;0,2;0,4;0,8;1;1;1;0;0;-;-;1;1;;;;>0
25/10/2022;;08:30;0;22,8;6,1;;;;7,7;336;;;;264;24,6;;;;24,5;3,67;;;;4,89;1,22;;;;;;;;;;;;;;;;;;;;;;;;;;;;;;;;;;;;;15,7;17,3;1,6;1,44;;;23,7;1150;0;0;23;20;17;23,7;260;0;1150;10;PRI;10/25/2022 8:30:00;0;0;0;1;1;1;0;0;-;-;-;1;;;;-
26/10/2022;;08:30;0;22,8;7;;;;5,7;351;;;;202;21,6;;;;24,7;4,01;;;;3,97;-0,04;;;;;;;;;;;;;;;;;;;;;;;;;;;;;;;;;;;;;15,7;16,4;0,7;0,42;;;25,4;977;0;0;23;21,2;17;25,4;238;0;977;10;PRI;10/26/2022 8:30:00;0;0;0;1;1;1;0;0;-;-;-;1;;;;-
27/10/2022;;;1;1;7;;;;8,3;296;;;;262;21,6;;;;25,6;3,37;;;;4,46;1,09;;;;;;;;;;;;;;;;;;;;;;;;;;;;;;;;;;;;;;;;;;;26;573;0;1;1;22,8;20,3;26;227;0;879;10;PRI;;0;0;1;1;1;1;0;0;-;-;1;1;;;;>0
28/10/2022;;;0;1;;;;;;;;;;;;;;;;;;;;;0;;;;;;;;;;;;;;;;;;;;;;;;;;;;;;;;;;;;;;;;;;;28,2;887;0;0;1;23,9;19;32;264;0;887;10;PRI;;0;0;0;1;1;1;0;0;-;-;-;1;;;;-
29/10/2022;FINAL DE SEMANA;;0,2;1,2;;;;;;;;;;;;;;;;;;;;;0;;;;;;;;;;;;;;;;;;;;;;;;;;;;;;;;;;;;;;;;;;;27,8;856;0;0;1;24,7;22,6;29,2;222;0;879;10;PRI;;0;0;0,2;1;1;1;0;0;-;-;1;1;;;;>0
30/10/2022;FINAL DE SEMANA;;0;0,2;;;;;;;;;;;;;;;;;;;;;0;;;;;;;;;;;;;;;;;;;;;;;;;;;;;;;;;;;;;;;;;;;30,7;423;0;0;0;24;18,3;30,7;171;0;740;10;PRI;;0;0;0;1;1;1;0;0;-;-;-;1;;;;-
31/10/2022;;16:30;2,4;2,6;6,6;;;;7;256;;;;235;22,1;;;;22;3,22;;;;3,49;0,27;;;;;;;;;;;;;;;;;;;;;;;;;;;;;;;;;;;;;;;;;;;25,1;423;0;2;3;25,3;21,8;32,6;116;0;491;10;PRI;10/31/2022 16:30:00;0;0;0;1;1;1;0;0;-;-;1;1;;;;>0
01/11/2022;;16:30;1,2;3,6;6,4;;;;6;274;;;;259;22;;;;23,3;2,69;;;;;-2,69;;;;;;;;;;;;;;;;;;;;;;;;;;;;;;;;;;;;;;;;;;;16,2;245;0;1;4;17,2;14,5;23,7;71;0;277;11;PRI;11/01/2022 16:30;0;0;0,2;1;1;1;0;0;-;-;1;1;;;;>0
02/11/2022;FINADOS;;0;3,6;;;;;;;;;;;;;;;;;;;;;0;;;;;;;;;;;;;;;;;;;;;;;;;;;;;;;;;;;;;;;;;;;20,8;1100;0;0;4;16,2;14,8;20,8;216;0;1100;11;PRI;;0;0;0;1;1;1;0;0;-;-;-;1;;;;-
03/11/2022;;16:30;0;1,2;8;;;;7;358;;;;255;16,5;;;;16,7;2,58;;;;;-2,58;;;;;;;;;;;;;;;;;;;;;;;;;;;;;;;;;;;;;;;;;;;21,4;1076;0;0;1;17,5;13,9;21,4;310;0;1087;11;PRI;11/03/2022 16:30;0;0;0;1;1;1;0;0;-;-;-;1;;;;-
04/11/2022;;;0;0;;;;;;;;;;;;;;;;;;;;;0;;;;;;;;;;;;;;;;;;;;;;;;;;;;;;;;;;;;;16,9;17,5;0,6;0,33;;;22,1;1100;0;0;0;18,1;13,6;22,1;349;0;1100;11;PRI;;0;0;0;1;1;1;0;0;-;-;-;-;;;;-
05/11/2022;FINAL DE SEMANA;;0;0;;;;;;;;;;;;;;;;;;;;;0;;;;;;;;;;;;;;;;;;;;;;;;;;;;;;;;;;;;;;;;;;;21,5;1121;0;0;0;17,8;13,3;22,1;298;0;1121;11;PRI;;0;0;0;1;1;1;0;0;-;-;-;-;;;;-
06/11/2022;FINAL DE SEMANA;;10,2;10,2;;;;;;;;;;;;;;;;;;;;;0;;;;;;;;;;;;;;;;;;;;;;;;;;;;;;;;;;;;;;;;;;;22,1;1120;0;10;10;18,5;14,4;22,2;330;0;1120;11;PRI;;0;0,2;10,2;1;1;1;0;0;-;-;1;1;;;;>0
07/11/2022;;16:30;14;24,2;7,7;;;;7,6;250;;;;238;22;;;;22,1;2,99;;;;3,33;0,34;;;;;;;;;;;;;;;;;;;;;;;;;;;;;;;;;;;;;;;;;;;21,5;634;0;14;24;17,9;14,9;22,1;248;0;1058;11;PRI;11/07/2022 16:30;0;0;0,2;1;1;1;0;0;-;-;1;1;;;;>0
08/11/2022;;09:00;0,2;24,4;7;;;;7,1;255;;;;259;22;;;;22,1;3,27;;;;2,99;-0,28;;;;;;;;;;;;;;;;;;;;;;;;;;;;;;;;;;;;;;;;;;;23;942;0;0;24;19,1;16,5;23;303;0;962;11;PRI;11/08/2022 09:00;0;0;0;1;1;1;0;0;-;-;1;1;;;;>0
09/11/2022;;09:30;0,2;14,4;6,6;;;;7,1;270;;;;248;22,5;;;;22,1;3,43;;;;2,41;-1,02;;;;;;;;;;;;;;;;;;;;;;;;;;;;;;;;;;;;;;;;;;;23,2;648;0;0;14;18,2;12,7;23,2;236;0;1021;11;PRI;11/09/2022 09:30;0;0;0;1;1;1;0;0;-;-;1;1;;;;>0
10/11/2022;Poda e medição 10/11;09:30;0;0,4;7;;;;7,1;275;;;;248;22,1;;;;22,1;3,45;;;;2,99;-0,46;;;;;;;;;;;;;;;;;;;;;;;;;;;;;;;;;;;;;16,9;18,4;1,5;1,31;;;25,6;1086;0;0;0;20,5;16,7;25,7;309;0;1086;11;PRI;11/10/2022 09:30;0;0;0;1;1;1;1;1;-;-;-;1;;;;-
11/11/2022;Posicion. CFW saída;09:00;0;0,2;7,1;;;;7,1;265;;;;254;21,6;;;;21,7;2,83;;;;3;0,17;;;;;;;;;;;;;;;;;;;;;;;;;;;;;;;;;;;;;16,9;18,3;1,4;1,18;;;25,4;1006;0;0;0;20,1;15,7;25,4;272;0;1086;11;PRI;11/11/2022 09:00;0;0;0;1;1;1;0;0;-;-;-;1;;;;-
12/11/2022;FINAL DE SEMANA;;2;2;;;;;;;;;;;;;;;;;;;;;0;;;;;;;;;;;;;;;;;;;;;;;;;;;;;;;;;;;;;;;;;;;27,3;883;0;2;2;21,8;19,2;27,3;204;0;995;11;PRI;;0;0;2;1;1;1;0;0;-;-;1;1;;;;>0
13/11/2022;FINAL DE SEMANA;;0;2;;;;;;;;;;;;;;;;;;;;;0;;;;;;;;;;;;;;;;;;;;;;;;;;;;;;;;;;;;;;;;;;;26,7;928;0;0;2;23,9;22;27,4;310;0;1020;11;PRI;;0;0;0;1;1;1;0;0;-;-;-;1;;;;-
14/11/2022;;;7,2;9,2;;;;;;;;;;;;;;;;;;;;;0;;;;;;;;;;;;;;;;;;;;;;;;;;;;;;;;;;;;;;;;;;;25,7;788;0;7;9;23,4;22,2;27,1;188;0;998;11;PRI;;0;1,2;1,6;1;1;1;0;0;-;-;1;1;;;;>0
15/11/2022;;;0;7,2;;;;;;;;;;;;;;;;;;;;;0;;;;;;;;;;;;;;;;;;;;;;;;;;;;;;;;;;;;;;;;;;;28,1;1097;0;0;7;24,3;18,2;29,9;330;0;1097;11;PRI;;0;0;0;1;1;1;0;0;-;-;-;1;;;;-
16/11/2022;;;0;7,2;;;;;;;;;;;;;;;;;;;;;0;;;;;;;;;;;;;;;;;;;;;;;;;;;;;;;;;;;;;;;;;;;26,6;1107;0;0;7;22,1;16,2;28,5;349;0;1107;11;PRI;;0;0;0;1;1;1;0;0;-;-;-;1;;;;-
17/11/2022;;10:00;0;0;;;;;;;;;;;;;;;;;;;;;0;;;;;;;;;;;;;;;;;;;;;;;;;;;;;;;;;;;;;16,9;17,7;0,8;0,51;0,01451;2,63;28,8;1114;0;0;0;20,7;12,8;28,8;360;0;1114;11;PRI;11/17/2022 10:00:00;0;0;0;1;1;1;0;0;-;-;-;-;;;;-
18/11/2022;;;0;0;;;;;;;;;;;;;;;;;;;;;0;;;;;;;;;;;;;;;;;;;;;;;;;;;;;;;;;;;;;;;;;;;24,2;1138;0;0;0;22,2;16,2;29;364;0;1138;11;PRI;;0;0;0;1;1;1;0;0;-;-;-;-;;;;-
19/11/2022;FINAL DE SEMANA;;0;0;;;;;;;;;;;;;;;;;;;;;0;;;;;;;;;;;;;;;;;;;;;;;;;;;;;;;;;;;;;;;;;;;25,4;556;0;0;0;20,7;16,3;25,4;276;0;1100;11;PRI;;0;0;0;1;1;1;0;0;-;-;-;-;;;;-
20/11/2022;FINAL DE SEMANA;;0;0;;;;;;;;;;;;;;;;;;;;;0;;;;;;;;;;;;;;;;;;;;;;;;;;;;;;;;;;;;;;;;;;;25,2;826;0;0;0;23,1;21,3;26,1;279;0;1035;11;PRI;;0;0;0;1;1;1;0;0;-;-;-;-;;;;-
21/11/2022;;15:00;0;0;;;;;;;;;;;;;;;;;;;;;0;;;;;;;;;;;;;;;;;;;;;;;;;;;;;;;;;;;;;16,9;17,9;1;0,71;0,02026;1,89;27,3;1021;0;0;0;23,6;20,2;27,3;301;0;1021;11;PRI;11/21/2022 15:00:00;0;0;0;1;1;1;0;0;-;-;-;-;;;;-
22/11/2022;;11:12;0;0;7,3;7;;;6,8;231;209;;;221;23,5;24,8;;;23,9;5,8;7,65;;;7,18;1,38;;;;;;;;;;;;;;;;;;;;;;;;;;;;;;;;;;;;;16,9;18;1,1;0,82;0,02336;1,63;25,9;368;0;0;0;24,6;23,2;27,4;193;0;833;11;PRI;11/22/2022 11:12:00;0;0;0;1;1;1;0;0;-;-;-;-;;;;-
23/11/2022;;13:00;3,2;3,2;9;9;;;9;477;213;;;214;23,7;24,2;;;24;3,7;5,15;;;5;1,3;;;;;;;;;;;;;;;;;;;;;;;;;;;;;;;;;;;;;16,9;18;1,1;0,82;0,02336;1,63;22,2;314;2;3;3;23,6;20;26,1;119;0;531;11;PRI;11/23/2022 13:00:00;2,8;4;4;1;1;1;0;0;-;-;1;1;;;;>0
24/11/2022;Remoção macrófita pistia ;11:30;0,6;4,6;10,8;11,1;;;11,2;;;;;220;23,1;23,9;;;23,2;2,3;5,5;;;3,4;1,1;;;;;;;;;;;;;;;;;;;;;;;;;;;;;;;;;;;;;16,9;17,9;1;0,71;0,02026;1,89;24,6;1154;0;1;5;22,2;20,1;24,6;268;0;1154;11;PRI;11/24/2022 11:30:00;0;0;0,2;1;1;1;0;0;-;-;1;1;;;;>0
25/11/2022;Remoção macrófita pistia ;08:30;0;4,6;;;;;;;;;;;;;;;;;;;;;0;;;;;;;;;;;;;;;;;;;;;;;;;;;;;;;;;;;;;16,9;17,6;0,7;0,42;0,01188;3,21;25,7;805;0;0;5;21,9;18,6;25,7;274;0;1133;11;PRI;11/25/2022 8:30:00;0;0;0;1;1;1;0;0;-;-;-;1;;;;-
26/11/2022;FINAL DE SEMANA;;2,6;4;;;;;;;;;;;;;;;;;;;;;0;;;;;;;;;;;;;;;;;;;;;;;;;;;;;;;;;;;;;;;;;;;22,7;212;0;3;4;22,2;20,4;25,7;200;0;1039;11;PRI;;0,2;1,6;2,2;1;1;1;0;0;-;-;1;1;;;;>0
27/11/2022;FINAL DE SEMANA;;77,6;80,4;;;;;;;;;;;;;;;;;;;;;0;;;;;;;;;;;;;;;;;;;;;;;;;;;;;;;;;;;;;;;;;;;22,4;221;4;78;80;21,9;20,4;23,7;80;0;428;11;PRI;;12,6;25;33,6;1;1;1;0;0;-;-;1;1;;;;>0
28/11/2022;Muitas chuvas;;11;91,8;;;;;;;;;;;;;;;;;;;;;0;;;;;;;;;;;;;;;;;;;;;;;;;;;;;;;;;;;;;;;;;;;20,6;352;4;11;92;22,2;19,7;23,8;117;0;434;11;PRI;;4,6;9,2;9,4;1;1;1;0;0;-;-;1;1;;;;>0
29/11/2022;;13:00;65,2;156,4;9,5;9,5;;;9,5;296;185;;;217;22,4;23,4;;;22,7;4,33;5,33;;;4,2;-0,13;26,3;12,6;;;8,72;0,27;0,07;0,09;0,05;0,27;0,09;0,05;0,27;0,14;0,18;0,94;0,1;0,03;18;7;0;;;;17329;;269;252;228;208;64,3671;64,3797;56,6346;56,646;57,4565;57,4669;16,9;19,4;2,5;2,8;0,07946;0,48;23,6;556;0;65;156;21,9;20,8;24;111;1;556;11;PRI;11/29/2022 13:00:00;0,4;0,8;8;1;1;1;0;0;1;1;1;1;4,24;;2,43;>0
30/11/2022;Muitas chuvas;13:30;56,6;135,2;9,4;8,2;;;7,9;197;144;;;160;21,8;21,7;;;21,6;4,82;3,46;;;3;-1,82;59,6;33,4;;;28,5;;;;;;;;;;;;;;;;;;;;;;;;;;;;;;;;16,9;25;8,1;15,84;0,44996;0,08;23,3;96;1;57;135;22,4;21,4;24,2;109;0;649;11;PRI;11/30/2022 13:30:00;2,2;28,4;36;1;1;1;0;0;-;-;1;1;;;;>0
01/12/2022;;;164,2;288,8;;;;;;;;;;;;;;;;;;;;;0;;;;;;;;;;;;;;;;;;;;;;;;;;;;;;;;;;;;;;;;;;;27,2;730;0;164;289;23,6;21,8;27,2;114;0;730;12;VER;;0;0;41,6;1;1;1;0;0;-;-;1;1;;;;>0
02/12/2022;;12:00;0;221,6;7,5;7,6;;;7,5;444;263;;;293;24,4;25,1;;;24,3;3,3;2,46;;;1,62;-1,68;14,9;15;;;9,58;;;;;;;;;;;;;;;;;;;;;;;;;;;;;;;;16,9;19;2,1;2,16;0,0613;0,62;29,3;1056;0;0;222;25,2;23,2;29,3;253;0;1056;12;VER;12/02/2022 12:00;0;0;0;1;1;1;0;0;-;-;-;1;;;;-
03/12/2022;FINAL DE SEMANA;;0;165;;;;;;;;;;;;;;;;;;;;;;;;;;;;;;;;;;;;;;;;;;;;;;;;;;;;;;;;;;16,9;18,6;1,7;1,58;0,04474;0,85;27,5;546;0;0;165;25,6;23,8;30,3;268;0;1115;12;VER;;0;0;0;1;1;1;0;0;-;-;-;1;;;;-
04/12/2022;FINAL DE SEMANA;;1,4;1,4;;;;;;;;;;;;;;;;;;;;;;;;;;;;;;;;;;;;;;;;;;;;;;;;;;;;;;;;;;;;;;;;26,2;349;0;1;1;25,6;24,2;29,1;178;0;1030;12;VER;;0;0;0,2;1;1;1;0;0;-;-;1;1;;;;>0
05/12/2022;;;25;26,4;;;;;;;;;;;;;;;;;;;;;;;;;;;;;;;;;;;;;;;;;;;;;;;;;;;;;;;;;;;;;;;;24,2;350;0;25;26;24,6;23,1;27,9;149;0;936;12;VER;;0;5,6;22,4;1;1;1;0;0;-;-;1;1;;;;>0
06/12/2022;Grande poluição pós chuvas;14:00;2;28,6;7,7;7,6;;;7,2;258;245;;;250;24,8;26;;;25,4;4,48;4,28;;;3,85;-0,63;10,03;16,8;;;8,67;;;;;;;;;;;;;;;;;;;;;;;;;;;;;;;;16,9;18;1,1;0,82;0,02336;1,63;26,5;1055;0;2;29;24,2;22,1;26,7;229;0;1055;12;VER;12/06/2022 14:00;0;0;0;1;1;1;0;0;-;-;1;1;;;;>0
07/12/2022;Grande poluição pós chuvas;14:30;0;27,2;7,1;7,4;7,3;7,5;8;264;241;237;244;254;23,2;25,05;25,3;24,8;24,7;4,08;3,74;;;2,7;-1,38;10,1;41,75;23,4;60,1;6,54;;;;;;;;;;;;;;;;;;;;;;;;;;;;;;;;16,9;18,8;1,9;1,86;0,05281;0,72;26,5;1107;0;0;27;23,8;20,4;26,6;306;0;1107;12;VER;12/07/2022 14:30;0;0;0;1;1;1;0;0;-;-;-;1;;;;-
08/12/2022;Melhoria da qualidade visual;14:30;0;2,2;7,4;7,4;7,3;7,4;7,2;281;229;234;224;253;23,2;25,05;24,8;25,3;24,7;3;4,3;4,1;4,5;3,1;;10,1;23,2;14,6;31,8;6,25;;;;;;;;;;;;;;;;;;;;;;;;;;;;;;;;16,9;18,5;1,6;1,44;0,04088;0,93;27,4;955;0;0;2;23,3;18,5;27,4;310;0;1013;12;VER;12/08/2022 14:30;0;0;0;1;1;1;0;0;-;-;-;1;;;;-
09/12/2022;;;0;0;;;;;;;;;;;;;;;;;;;;;;;;;;;;;;;;;;;;;;;;;;;;;;;;;;;;;;;;;;;;;;;;28,8;621;0;0;0;25,2;22,3;28,8;314;0;1087;12;VER;;0;0;0;1;1;1;0;0;-;-;-;-;;;;-
10/12/2022;FINAL DE SEMANA;;0;0;;;;;;;;;;;;;;;;;;;;;;;;;;;;;;;;;;;;;;;;;;;;;;;;;;;;;;;;;;;;;;;;28,8;1057;0;0;0;25,6;23,1;28,8;335;0;1079;12;VER;;0;0;0;1;1;1;0;0;-;-;-;-;;;;-
11/12/2022;FINAL DE SEMANA;;0;0;;;;;;;;;;;;;;;;;;;;;;;;;;;;;;;;;;;;;;;;;;;;;;;;;;;;;;;;;;;;;;;;27,1;556;0;0;0;25,7;24,6;29,4;180;0;1058;12;VER;;0;0;0;1;1;1;0;0;-;-;-;-;;;;-
12/12/2022;;;0;0;;;;;;;;;;;;;;;;;;;;;;;;;;;;;;;;;;;;;;;;;;;;;;;;;;;;;;;;;;;;;;;;34,9;1078;0;0;0;26,9;24,3;34,9;278;0;1078;12;VER;;0;0;0;1;1;1;1;1;-;-;-;-;;;;-
13/12/2022;Poda e medição 13/12;14:00;4,6;4,6;7,3;7,2;7,2;7,2;7,3;196;217;217;216;383;24,2;25,4;25,4;25,4;24,7;3,9;3,95;3,9;4;2,4;;9,22;26,6;14,6;38,6;7,02;;;;;;;;;;;;;;;;;;;;;;;;;;;;;;;;16,9;18,2;1,3;1,06;0,02998;1,27;0;0;0;5;5;25,9;20,5;36,6;221;0;1083;12;VER;12/13/2022 14:00:00;0;0;0;1;1;1;0;0;-;-;1;1;;;;>0
14/12/2022;;14:00;0;4,6;7,7;7,5;;;7,3;442;232;;;227;24,5;24,8;;;24,7;4,4;2,8;;;2,3;;8,92;19,74;;;7,2;0,33;0,26;0,21;0,16;4,39;1,94;2,17;0,07;0,05;0,04;0;0;0;0,3;16;0,1;;10460;8160;2700;188;223;108;156;132;61,856;61,8614;71,2948;71,3026;61,0031;61,0097;16,9;17,7;0,8;0,51;0,01451;2,63;24,1;585;0;0;5;22,3;17,5;26,6;350;0;1123;12;VER;12/14/2022 14:00:00;0;0;0;1;1;1;0;0;-;1;-;1;3,43;2,27;2,35;-
15/12/2022;;14:00;0,2;4,8;7,6;7,3;7,2;7,3;7,1;234;221;219;222;228;24;26,05;26,7;25,4;24,8;3,6;2,75;3,1;2,4;2,5;;9,91;21,85;26,4;17,3;6,43;;;;;;;;;;;;;;;;;;;;;;;;;;;;;;;;16,9;17,6;0,7;0,42;0,01188;3,21;26,6;1115;0;0;5;22,8;19,7;26,6;260;0;1115;12;VER;12/15/2022 14:00:00;0;0;0,2;1;1;1;0;0;-;-;1;1;;;;>0
16/12/2022;;;0;0,2;;;;;;;;;;;;;;;;;;;;;;;;;;;;;;;;;;;;;;;;;;;;;;;;;;;;;;;;;;;;;;;;25;475;0;0;0;24,2;22;27,2;317;0;1124;12;VER;;0;0;0;1;1;1;0;0;-;-;-;1;;;;-
17/12/2022;;;4,8;5;;;;;;;;;;;;;;;;;;;;;;;;;;;;;;;;;;;;;;;;;;;;;;;;;;;;;;;;;;;;;;;;25,2;789;0;5;5;21,6;18;25,2;141;0;789;12;VER;;0;0;0;1;1;1;0;0;-;-;1;1;;;;>0
18/12/2022;;;4,2;9;;;;;;;;;;;;;;;;;;;;;;;;;;;;;;;;;;;;;;;;;;;;;;;;;;;;;;;;;;;;;;;;22,5;160;0;4;9;21,2;18,9;23,9;127;0;721;12;VER;;0,6;2,8;4,2;1;1;1;0;0;-;-;1;1;;;;>0
19/12/2022;;;68,4;89,6;;;;;;;;;;;;;;;;;;;;;;;;;;;;;;;;;;;;;;;;;;;;;;;;;;;;;;;;;;;;;;;;20,2;144;7;68;90;21,1;20;22,4;54;0;192;12;VER;;14,2;36,8;50,4;1;1;1;0;0;-;-;1;1;;;;>0
20/12/2022;;;206,6;299;;;;;;;;;;;;;;;;;;;;;;;;;;;;;;;;;;;;;;;;;;;;;;;;;;;;;;;;;;;;;;;;21;129;2;207;299;20,5;19,6;21,2;39;0;172;12;VER;;3,6;18,6;89;1;1;1;0;0;-;-;1;1;;;;>0
21/12/2022;;;17;313;;;;;;;;;;;;;;;;;;;;;;;;;;;;;;;;;;;;;;;;;;;;;;;;;;;;;;;;;;;;;;;;22;785;0;17;313;20,3;17,7;23,9;165;0;867;12;VER;;0,2;2,8;4;1;1;1;0;0;-;-;1;1;;;;>0
22/12/2022;;;5,2;237,6;;;;;;;;;;;;;;;;;;;;;;;;;;;;;;;;;;;;;;;;;;;;;;;;;;;;;;;;;;;;;;;;25,1;1141;0;5;238;20,7;17,2;25,1;262;0;1141;12;VER;;0;0;0;1;1;1;0;0;-;-;1;1;;;;>0
23/12/2022;;;0;23,4;;;;;;;;;;;;;;;;;;;;;;;;;;;;;;;;;;;;;;;;;;;;;;;;;;;;;;;;;;;;;;;;26,3;1075;0;0;23;21,6;17,1;26,3;327;0;1137;12;VER;;0;0;0;1;1;1;0;0;-;-;-;1;;;;-
24/12/2022;;;0;5,2;;;;;;;;;;;;;;;;;;;;;;;;;;;;;;;;;;;;;;;;;;;;;;;;;;;;;;;;;;;;;;;;27,2;1156;0;0;5;24;21,8;27,2;380;0;1178;12;VER;;0;0;0;1;1;1;0;0;-;-;-;1;;;;-
25/12/2022;;;0,6;0,6;;;;;;;;;;;;;;;;;;;;;;;;;;;;;;;;;;;;;;;;;;;;;;;;;;;;;;;;;;;;;;;;26,9;904;0;1;1;24,1;22,1;26,9;226;0;904;12;VER;;0;0;0;1;1;1;0;0;-;-;1;1;;;;>0
26/12/2022;;;18;18,6;;;;;;;;;;;;;;;;;;;;;;;;;;;;;;;;;;;;;;;;;;;;;;;;;;;;;;;;;;;;;;;;28,4;893;0;18;19;24;21,6;28,4;241;0;1031;12;VER;;0;0;9;1;1;1;0;0;-;-;1;1;;;;>0
27/12/2022;;;0;18,6;;;;;;;;;;;;;;;;;;;;;;;;;;;;;;;;;;;;;;;;;;;;;;;;;;;;;;;;;;;;;;;;25,5;659;0;0;19;23,9;20,8;26,6;220;0;725;12;VER;;0;0;0;1;1;1;0;0;-;-;-;1;;;;-
28/12/2022;;;36,6;54,6;;;;;;;;;;;;;;;;;;;;;;;;;;;;;;;;;;;;;;;;;;;;;;;;;;;;;;;;;;;;;;;;20,1;41;27;37;55;22,8;19,8;25,9;102;0;696;12;VER;;31,6;31,8;35,8;1;1;1;0;0;-;-;1;1;;;;>0
29/12/2022;;;1;53,8;;;;;;;;;;;;;;;;;;;;;;;;;;;;;;;;;;;;;;;;;;;;;;;;;;;;;;;;;;;;;;;;30;1081;0;1;54;21,8;15,4;30;338;0;1081;12;VER;;0;0;0;1;1;1;0;0;-;-;1;1;;;;>0
30/12/2022;;;0,2;54;;;;;;;;;;;;;;;;;;;;;;;;;;;;;;;;;;;;;;;;;;;;;;;;;;;;;;;;;;;;;;;;28,2;1090;0;0;54;23,3;18,3;31,5;298;0;1099;12;VER;;0;0;0;1;1;1;0;0;-;-;1;1;;;;>0
31/12/2022;;;0;17,4;;;;;;;;;;;;;;;;;;;;;;;;;;;;;;;;;;;;;;;;;;;;;;;;;;;;;;;;;;;;;;;;28,9;1067;0;0;17;25,1;21,5;28,9;373;0;1101;12;VER;;0;0;0;1;1;1;0;0;-;-;-;1;;;;-
01/01/2023;;;0;0,2;;;;;;;;;;;;;;;;;;;;;;;;;;;;;;;;;;;;;;;;;;;;;;;;;;;;;;;;;;;;;;;;29,1;942;0;0;0;25,9;22,2;29,7;285;0;1087;1;VER;;0;0;0;1;1;1;0;0;-;-;-;1;;;;-
02/01/2023;;;0;0;;;;;;;;;;;;;;;;;;;;;;;;;;;;;;;;;;;;;;;;;;;;;;;;;;;;;;;;;;;;;;;;28,9;901;0;0;0;26,2;24,7;28,9;251;0;903;1;VER;;0;0;0;1;1;1;0;0;-;-;-;-;;;;-
03/01/2023;;;0;0;;;;;;;;;;;;;;;;;;;;;;;;;;;;;;;;;;;;;;;;;;;;;;;;;;;;;;;;;;;;;;;;26,3;876;0;0;0;26,5;25,2;28,6;283;0;1021;1;VER;;0;0;0;1;1;1;0;0;-;-;-;-;;;;-
04/01/2023;;;3,6;3,6;;;;;;;;;;;;;;;;;;;;;;;;;;;;;;;;;;;;;;;;;;;;;;;;;;;;;;;;;;;;;;;;21,6;255;0;4;4;22,8;21,6;24,9;74;0;255;1;VER;;0;0,2;0,2;1;1;1;0;0;-;-;1;1;;;;>0
05/01/2023;;;0,6;5,2;;;;;;;;;;;;;;;;;;;;;;;;;;;;;;;;;;;;;;;;;;;;;;;;;;;;;;;;;;;;;;;;26,3;1108;0;1;5;21,7;17,9;26,3;226;0;1108;1;VER;;0;0;0;1;1;1;0;0;-;-;1;1;;;;>0
06/01/2023;;;0,2;5,4;;;;;;;;;;;;;;;;;;;;;;;;;;;;;;;;;;;;;;;;;;;;;;;;;;;;;;;;;;;;;;;;25,7;1115;0;0;5;22,6;18,7;26,8;326;0;1125;1;VER;;0,2;0,2;0,2;1;1;1;0;0;-;-;1;1;;;;>0
07/01/2023;;;2;3,8;;;;;;;;;;;;;;;;;;;;;;;;;;;;;;;;;;;;;;;;;;;;;;;;;;;;;;;;;;;;;;;;22,5;543;1;2;4;23,1;19,5;26,1;310;0;1162;1;VER;;1,4;2;2;1;1;1;0;0;-;-;1;1;;;;>0
08/01/2023;;;1,2;4,2;;;;;;;;;;;;;;;;;;;;;;;;;;;;;;;;;;;;;;;;;;;;;;;;;;;;;;;;;;;;;;;;26,2;1032;0;1;4;22,9;19,1;26,2;339;0;1032;1;VER;;0;0;0,2;1;1;1;0;0;-;-;1;1;;;;>0
09/01/2023;;;0;4;;;;;;;;;;;;;;;;;;;;;;;;;;;;;;;;;;;;;;;;;;;;;;;;;;;;;;;;;;;;;;;;27;942;0;0;4;23;18,4;27;293;0;977;1;VER;;0;0;0;1;1;1;0;0;-;-;-;1;;;;-
10/01/2023;;;0;2;;;;;;;;;;;;;;;;;;;;;;;;;;;;;;;;;;;;;;;;;;;;;;;;;;;;;;;;;;;;;;;;28,8;1091;0;0;2;23,8;20,2;28,8;342;0;1091;1;VER;;0;0;0;1;1;1;0;0;-;-;-;1;;;;-
11/01/2023;;;7,4;7,4;;;;;;;;;;;;;;;;;;;;;;;;;;;;;;;;;;;;;;;;;;;;;;;;;;;;;;;;;;;;;;;;29,5;927;0;7;7;25,3;22;29,5;333;0;1059;1;VER;;0;0,2;7,4;1;1;1;0;0;-;-;1;1;;;;>0
12/01/2023;;;0;7,4;;;;;;;;;;;;;;;;;;;;;;;;;;;;;;;;;;;;;;;;;;;;;;;;;;;;;;;;;;;;;;;;31,6;1041;0;0;7;26,5;23,8;31,6;272;0;1041;1;VER;;0;0;0;1;1;1;0;0;-;-;-;1;;;;-
13/01/2023;;;0;7,4;;;;;;;;;;;;;;;;;;;;;;;;;;;;;;;;;;;;;;;;;;;;;;;;;;;;;;;;;;;;;;;;30,4;761;0;0;7;27,3;24,7;32,1;292;0;1085;1;VER;;0;0;0;1;1;1;0;0;-;-;-;1;;;;-
14/01/2023;;;5,6;5,6;;;;;;;;;;;;;;;;;;;;;;;;;;;;;;;;;;;;;;;;;;;;;;;;;;;;;;;;;;;;;;;;32,4;1052;0;6;6;26,6;22,6;32,4;328;0;1052;1;VER;;0;0;0;1;1;1;0;0;-;-;1;1;;;;>0
15/01/2023;;;39;44,6;;;;;;;;;;;;;;;;;;;;;;;;;;;;;;;;;;;;;;;;;;;;;;;;;;;;;;;;;;;;;;;;26,5;331;0;39;45;24,6;22,1;31,8;208;0;1094;1;VER;;0;21,2;33,6;1;1;1;0;0;-;-;1;1;;;;>0
16/01/2023;;;1,4;46;;;;;;;;;;;;;;;;;;;;;;;;;;;;;;;;;;;;;;;;;;;;;;;;;;;;;;;;;;;;;;;;27,9;752;0;1;46;24,6;22,8;27,9;166;0;752;1;VER;;0;0;0,2;1;1;1;0;0;-;-;1;1;;;;>0
17/01/2023;;;0;40,4;;;;;;;;;;;;;;;;;;;;;;;;;;;;;;;;;;;;;;;;;;;;;;;;;;;;;;;;;;;;;;;;27,3;522;0;0;40;25,4;22,8;28;194;0;935;1;VER;;0;0;0;1;1;1;0;0;-;-;-;1;;;;-
18/01/2023;;;0;1,4;;;;;;;;;;;;;;;;;;;;;;;;;;;;;;;;;;;;;;;;;;;;;;;;;;;;;;;;;;;;;;;;26,4;150;0;0;1;25,2;23,6;27,4;143;0;627;1;VER;;0;0;0;1;1;1;0;0;-;-;-;1;;;;-
19/01/2023;;;0;0;;;;;;;;;;;;;;;;;;;;;;;;;;;;;;;;;;;;;;;;;;;;;;;;;;;;;;;;;;;;;;;;27,5;559;0;0;0;25,5;23,5;27,7;141;0;559;1;VER;;0;0;0;1;1;1;0;0;-;-;-;-;;;;-
20/01/2023;;;17,2;17,2;;;;;;;;;;;;;;;;;;;;;;;;;;;;;;;;;;;;;;;;;;;;;;;;;;;;;;;;;;;;;;;;28,2;889;0;17;17;25;22,3;29,1;240;0;993;1;VER;;0;1,6;11;1;1;1;0;0;-;-;1;1;;;;>0
21/01/2023;;;0,2;17,4;;;;;;;;;;;;;;;;;;;;;;;;;;;;;;;;;;;;;;;;;;;;;;;;;;;;;;;;;;;;;;;;30,4;1015;0;0;17;25,6;22;30,4;314;0;1038;1;VER;;0;0;0;1;1;1;0;0;-;-;1;1;;;;>0
22/01/2023;;;0;17,4;;;;;;;;;;;;;;;;;;;;;;;;;;;;;;;;;;;;;;;;;;;;;;;;;;;;;;;;;;;;;;;;28,2;201;0;0;17;27;25,3;30,7;225;0;1076;1;VER;;0;0;0;1;1;1;0;0;-;-;-;1;;;;-
23/01/2023;;07:30;0;0,2;7,4;6,5;;;7,6;210;244;;;249;24,4;24,3;;;24,3;5,5;4,5;;;3,7;;6,8;40,7;;;20,5;0,06;0,27;1,97;0,15;1,72;1,65;3,09;0,21;0,04;0,04;0,12;0;0;;;;;;64800;;138;11370;140;472;190;61,8555;61,8625;58,9064;58,93;61,005;61,0145;16;17;1;0,71;0,02026;1,89;29;1059;0;0;0;26,4;22,9;29,3;169;0;1059;1;VER;1/23/2023 7:30:00;0;0;0;1;1;1;0;0;-;1;-;1;;2,14;4,06;-
24/01/2023;Poda e medição 25/01;07:30;0;0;7,9;6,55;6,4;6,7;6,8;475;256;257;254;259;25;25,1;25,1;25,1;24,4;4,8;2,4;2,7;2,1;1,7;;4,9;43,3;55,6;31;14,9;;;;;;;;;;;;;;;;;;;;;;;;;;;;;;;;;;;;;;30,6;1070;0;0;0;25;19,6;30,6;289;0;1070;1;VER;1/24/2023 7:30:00;0;0;0;1;1;1;0;0;-;-;-;-;;;;-
25/01/2023;;;0;0;;;;;;;;;;;;;;;;;;;;;;;;;;;;;;;;;;;;;;;;;;;;;;;;;;;;;;;;;;;;;;;;31,7;1061;0;0;0;27,9;23,9;32,9;343;0;1061;1;VER;;0;0;0;1;1;1;1;1;-;-;-;-;;;;-
26/01/2023;;;0;0;;;;;;;;;;;;;;;;;;;;;;;;;;;;;;;;;;;;;;;;;;;;;;;;;;;;;;;;;;;;;;;;29,9;645;0;0;0;28,1;25,3;34,2;284;0;1090;1;VER;;0;0;0;1;1;1;0;0;-;-;-;-;;;;-
27/01/2023;;;0;0;;;;;;;;;;;;;;;;;;;;;;;;;;;;;;;;;;;;;;;;;;;;;;;;;;;;;;;;;;;;;;;;29,4;1025;0;0;0;26,7;23,8;30,9;318;0;1049;1;VER;;0;0;0;1;1;1;0;0;-;-;-;-;;;;-
28/01/2023;;;0;0;;;;;;;;;;;;;;;;;;;;;;;;;;;;;;;;;;;;;;;;;;;;;;;;;;;;;;;;;;;;;;;;30,9;1046;0;0;0;26,3;21,6;30,9;343;0;1072;1;VER;;0;0;0;1;1;1;0;0;-;-;-;-;;;;-
29/01/2023;;;0;0;;;;;;;;;;;;;;;;;;;;;;;;;;;;;;;;;;;;;;;;;;;;;;;;;;;;;;;;;;;;;;;;29,2;861;0;0;0;27,7;25,6;31,3;289;0;1062;1;VER;;0;0;0;1;1;1;0;0;-;-;-;-;;;;-
30/01/2023;;08:00;1,6;1,6;7,3;7,3;;;7;222;231;;;248;;;;;;4,1;5,5;;;2,7;;3,75;41;;;9,73;0;0,15;0,16;0,06;2,12;1,93;2,5;0,47;0,09;0,1;2,77;0,15;0;0;23;9,6;48840;;86640;556;740;24110;180;602;206;61,8537;61,8627;58,9036;58,9337;61,0021;61,0124;16;16,5;0,5;0,25;0,00718;5,32;29,3;887;0;2;2;24,5;22,6;29,3;149;0;975;1;VER;1/30/2023 8:00:00;0;0;0;1;1;1;0;0;1;1;1;1;2,75;2,87;4,38;>0
31/01/2023;;;0;1,6;;;;;;;;;;;;;;;;;;;;;;;;;;;;;;;;;;;;;;;;;;;;;;;;;;;;;;;;;;;;;;;;30,4;550;0;0;2;26,4;23,3;30,4;204;0;593;1;VER;;0;0;0;1;1;1;0;0;-;-;-;1;;;;-
01/02/2023;;;0;1,6;;;;;;;;;;;;;;;;;;;;;;;;;;;;;;;;;;;;;;;;;;;;;;;;;;;;;;;;;;;;;;;;29,6;1028;0;0;2;27,3;23,2;32;251;0;1028;2;VER;;0;0;0;1;1;1;0;0;-;-;-;1;;;;-
02/02/2023;;09:00;0;0;7,5;7,2;;;6,9;246;245;;;249;25,4;25,7;;;25,4;3,8;4,4;;;2,2;;5,5;27,2;;;9,8;0,02;0,28;1,1;0,14;2,46;2,2;2,79;0,56;0,07;0,07;1,98;0;0;0;2,2;0,1;;2419600;;3300;48300;3370;140;472;190;61,8555;61,8625;58,9064;58,93;61,005;61,0145;16;17;1;0,71;0,02026;1,89;27,6;207;0;0;0;26,9;24,8;29,4;234;0;1064;2;VER;02/02/2023 09:00;0;0;0;1;1;1;0;0;-;-;-;-;3,52;4,68;3,53;-
03/02/2023;;11:00;40,8;40,8;7,7;7,4;7,3;7,4;7,2;274;182;190;173;171;26;27;27,5;27,4;26,2;4,5;5;5,5;4,8;2,5;;14,6;32;53,2;11,2;7,8;;;;;;;;;;;;;;;;;;;;;;;;;;;;;;;;16;17,5;1,5;1,31;0,03712;1,03;28,1;673;0;41;41;26,1;23,7;29,9;205;0;787;2;VER;02/03/2023 11:00;0;0;23;1;1;1;0;0;-;-;1;1;;;;>0
04/02/2023;;;13,2;54;;;;;;;;;;;;;;;;;;;;;;;;;;;;;;;;;;;;;;;;;;;;;;;;;;;;;;;;;;;;;;;;28,4;978;0;13;54;25,4;22,7;30,2;213;0;978;2;VER;;0;0;0,2;1;1;1;0;0;-;-;1;1;;;;>0
05/02/2023;;;7,6;61,6;;;;;;;;;;;;;;;;;;;;;;;;;;;;;;;;;;;;;;;;;;;;;;;;;;;;;;;;;;;;;;;;29,8;838;0;8;62;24,7;21,4;29,8;306;0;1062;2;VER;;0;0;0;1;1;1;0;0;-;-;1;1;;;;>0
06/02/2023;;09:10;0;20,8;7,3;7,1;;;7;226;223;;;223;24,8;24,9;;;24,7;3,7;2,7;;;1,4;;6,11;22,6;;;6,95;0,04;0,32;1,86;0,17;1,69;2,08;2,66;0,4;0,04;0,04;4,67;0,99;1,02;3,4;17;0;2046;1553100;;31;22100;10600;206;322;200;61,852;61,8623;58,9022;58,9183;61,001;61,011;16;17;1;0,71;0,02026;1,89;28,3;1060;0;0;21;25,9;21,3;30,6;316;0;1060;2;VER;02/06/2023 09:10;0;0;0;1;1;1;0;0;-;1;-;1;1,49;4,34;4,03;-
07/02/2023;;;0;7,6;;;;;;;;;;;;;;;;;;;;;;;;;;;;;;;;;;;;;;;;;;;;;;;;;;;;;;;;;;;;;;;;30;980;0;0;8;25,4;20;30;330;0;1086;2;VER;;0;0;0;1;1;1;0;0;-;-;-;1;;;;-
08/02/2023;;;0;0;;;;;;;;;;;;;;;;;;;;;;;;;;;;;;;;;;;;;;;;;;;;;;;;;;;;;;;;;;;;;;;;30,7;1032;0;0;0;26,7;22,6;31,1;312;0;1073;2;VER;;0;0;0;1;1;1;0;0;-;-;-;-;;;;-
09/02/2023;;07:50;0;0;7,2;7,2;;;7,2;238;245;;;246;24,9;24,9;;;24,8;4,7;2,6;;;1,8;;7,99;15,1;;;13,1;0,27;0,25;0,65;0,18;3,28;2,02;2,35;0,34;0;0;2,47;0;0;0;8,6;2,4;;1119900;;11199;44000;4590;282;468;264;61,8536;61,8677;58,9031;58,9265;61,0018;61,015;16;17,3;1,3;1,06;0,02998;1,27;30,5;974;0;0;0;26,8;23,8;31,4;259;0;1057;2;VER;02/09/2023 07:50;0;0;0;1;1;1;0;0;-;-;-;-;4,05;4,64;3,66;-
10/02/2023;;;0,4;0,4;;;;;;;;;;;;;;;;;;;;;;;;;;;;;;;;;;;;;;;;;;;;;;;;;;;;;;;;;;;;;;;;28,4;1041;0;0;0;25,5;22,9;30,6;231;0;1041;2;VER;;0;0;0;1;1;1;0;0;-;-;1;1;;;;>0
11/02/2023;;;0;0,4;;;;;;;;;;;;;;;;;;;;;;;;;;;;;;;;;;;;;;;;;;;;;;;;;;;;;;;;;;;;;;;;30,3;1055;0;0;0;25,4;21;30,3;332;0;1064;2;VER;;0;0;0;1;1;1;0;0;-;-;-;1;;;;-
12/02/2023;;;0;0,4;;;;;;;;;;;;;;;;;;;;;;;;;;;;;;;;;;;;;;;;;;;;;;;;;;;;;;;;;;;;;;;;31,2;1053;0;0;0;26,6;22,3;32,4;334;0;1083;2;VER;;0;0;0;1;1;1;0;0;-;-;-;1;;;;-
13/02/2023;;08:30;0;0;7,4;7,2;;;6,8;244;221;;;234;25,7;25,7;;;25,4;3,9;5,4;;;1,8;;7,78;15,1;;;8,4;0,05;0;1,25;0;2,16;1,58;1,81;0,43;0,13;0,09;1,52;0,4;0,22;9,1;17;12;32550;;198630;8560;49300;4280;288;456;246;61,8551;61,8695;58,9034;58,9262;61,0036;61,0159;16;17,2;1,2;0,94;0,0266;1,44;31,3;906;0;0;0;27;22,6;32,1;332;0;1076;2;VER;2/13/2023 8:30:00;0;0;0;1;1;1;0;0;-;-;-;-;3,93;4,69;3,63;-
14/02/2023;;;12;12;;;;;;;;;;;;;;;;;;;;;;;;;;;;;;;;;;;;;;;;;;;;;;;;;;;;;;;;;;;;;;;;30,8;900;0;12;12;28,1;24,2;32,1;256;0;1043;2;VER;;0;0;0;1;1;1;0;0;-;-;1;1;;;;>0
15/02/2023;;;13,6;25,6;;;;;;;;;;;;;;;;;;;;;;;;;;;;;;;;;;;;;;;;;;;;;;;;;;;;;;;;;;;;;;;;28,5;271;1;14;26;26,1;22,9;32,6;125;0;692;2;VER;;2,2;8,2;11;1;1;1;0;0;-;-;1;1;;;;>0
16/02/2023;;08:50;0;26,2;7,8;7,1;;;7;188;238;;;244;24,2;24,1;;;24,1;3,4;2,2;;;1,5;;15;38,4;;;19,2;0,18;0,35;1,83;0,21;1,92;2,49;3,29;0,02;0,02;0,03;1,3;0;0;12;16;10;;913900;;14970;16100;7000;194;460;234;61,8558;61,8655;58,9029;58,9259;61,0019;61,0136;16;19,7;3,7;5;0,14218;0,27;23,6;447;0;0;26;24,3;22,4;29,1;153;0;553;2;VER;2/16/2023 8:50:00;0;0;0;1;1;1;0;0;-;1;-;1;4,18;4,21;3,85;-
17/02/2023;;;1,6;15,8;;;;;;;;;;;;;;;;;;;;;;;;;;;;;;;;;;;;;;;;;;;;;;;;;;;;;;;;;;;;;;;;29,1;904;0;2;16;25,7;23,3;29,1;191;0;904;2;VER;;0;0;0;1;1;1;0;0;-;-;1;1;;;;>0
18/02/2023;Carnaval;;0;2,2;;;;;;;;;;;;;;;;;;;;;;;;;;;;;;;;;;;;;;;;;;;;;;;;;;;;;;;;;;;;;;;;23,2;670;0;0;2;23,5;21,1;30,4;263;0;851;2;VER;;0;0;0;1;1;1;0;0;-;-;-;1;;;;-
19/02/2023;Carnaval;;43,4;45;;;;;;;;;;;;;;;;;;;;;;;;;;;;;;;;;;;;;;;;;;;;;;;;;;;;;;;;;;;;;;;;25,2;134;1;43;45;20,9;18,3;25,2;112;0;721;2;VER;;1,2;41;41,4;1;1;1;0;0;-;-;1;1;;;;>0
20/02/2023;Carnaval;;10,2;53,6;;;;;;;;;;;;;;;;;;;;;;;;;;;;;;;;;;;;;;;;;;;;;;;;;;;;;;;;;;;;;;;;22,6;650;0;10;54;21,7;20;25,6;74;0;650;2;VER;;0;0,4;1,6;1;1;1;0;0;-;-;1;1;;;;>0
21/02/2023;Carnaval;;0,2;53,8;;;;;;;;;;;;;;;;;;;;;;;;;;;;;;;;;;;;;;;;;;;;;;;;;;;;;;;;;;;;;;;;25;1032;0;0;54;22,3;21,3;25;243;0;1032;2;VER;;0;0;0;1;1;1;0;0;-;-;1;1;;;;>0
22/02/2023;Carnaval;;1,6;12;;;;;;;;;;;;;;;;;;;;;;;;;;;;;;;;;;;;;;;;;;;;;;;;;;;;;;;;;;;;;;;;26,7;121;0;2;12;23,3;19,2;26,7;140;0;725;2;VER;;0,6;0,6;1,6;1;1;1;0;0;-;-;1;1;;;;>0
23/02/2023;;09:00;14,6;16,8;6,7;6,4;;;6,9;266;293;;;302;23,5;23,2;;;23;4,3;3,4;;;1,7;;9,29;16,3;;;5,33;0,11;0,06;2,01;0,03;1,51;1,68;1,61;0,32;0,26;0,19;4,83;1,2;0;5,1;10;5,4;64880;3000;;100;;1940;240;504;226;61,8553;61,8673;58,9041;58,9293;61,0032;61,0145;16;17;1;0,71;0,02026;1,89;23,7;297;0;15;17;23,5;21,7;26,1;135;0;520;2;VER;2/23/2023 9:00:00;0;4,4;12;1;1;1;0;0;1;1;1;1;2;;3,29;>0
24/02/2023;;;0,4;17;;;;;;;;;;;;;;;;;;;;;;;;;;;;;;;;;;;;;;;;;;;;;;;;;;;;;;;;;;;;;;;;25,6;986;0;0;17;23,2;21;25,9;194;0;986;2;VER;;0;0;0,2;1;1;1;0;0;-;-;1;1;;;;>0
25/02/2023;;;0;15,4;;;;;;;;;;;;;;;;;;;;;;;;;;;;;;;;;;;;;;;;;;;;;;;;;;;;;;;;;;;;;;;;31,6;837;0;0;15;25,5;21,9;31,6;304;0;1020;2;VER;;0;0;0;1;1;1;0;0;-;-;-;1;;;;-
26/02/2023;;;4;4,4;;;;;;;;;;;;;;;;;;;;;;;;;;;;;;;;;;;;;;;;;;;;;;;;;;;;;;;;;;;;;;;;30,1;663;0;4;4;27;21,7;32,3;157;0;663;2;VER;;0;0;0;1;1;1;0;0;-;-;1;1;;;;>0
27/02/2023;;;0;4;;;;;;;;;;;;;;;;;;;;;;;;;;;;;;;;;;;;;;;;;;;;;;;;;;;;;;;;;;;;;;;;27,6;408;0;0;4;23,5;19,2;29;235;0;1033;2;VER;;0;0;0;1;1;1;0;0;-;-;-;1;;;;-
28/02/2023;;;1,8;5,8;;;;;;;;;;;;;;;;;;;;;;;;;;;;;;;;;;;;;;;;;;;;;;;;;;;;;;;;;;;;;;;;27,2;528;0;2;6;24,9;22,3;28,3;165;0;638;2;VER;;1,8;1,8;1,8;1;1;1;0;0;-;-;1;1;;;;>0
01/03/2023;;;0,2;2;;;;;;;;;;;;;;;;;;;;;;;;;;;;;;;;;;;;;;;;;;;;;;;;;;;;;;;;;;;;;;;;26,1;974;0;0;2;24,4;21,5;28,2;245;0;974;3;OUT;;0;0,2;0,2;1;1;1;0;0;-;-;1;1;;;;>0
02/03/2023;;08:30;0,2;2,2;7,6;7;;;6,8;231;241;;;250;23,8;23,6;;;23,6;4,9;4,5;;;2;;7;95;;;10,3;0,19;0,66;2,19;0,18;1,97;2,69;2,69;0,28;0,07;0,07;0;0;0;5,2;22;6,9;41060;;;4470;18100;2710;248;620;222;61,8572;61,8696;58,9027;58,9337;61,0021;61,0132;16;16,9;0,9;0,61;0,01731;2,21;30,8;974;0;0;2;24,9;21,8;30,8;294;0;1002;3;OUT;03/02/2023 08:30;0,2;0,2;0,2;1;1;1;0;0;1;1;1;1;3,65;4,26;3,43;>0
03/03/2023;;;0;0,4;;;;;;;;;;;;;;;;;;;;;;;;;;;;;;;;;;;;;;;;;;;;;;;;;;;;;;;;;;;;;;;;29,1;584;0;0;0;26,9;24,7;31,4;227;0;1002;3;OUT;;0;0;0;1;1;1;0;0;-;-;-;1;;;;-
04/03/2023;;;2;2,2;;;;;;;;;;;;;;;;;;;;;;;;;;;;;;;;;;;;;;;;;;;;;;;;;;;;;;;;;;;;;;;;29,5;967;0;2;2;26,2;23,4;30,2;243;0;967;3;OUT;;0;0;2;1;1;1;0;0;-;-;1;1;;;;>0
05/03/2023;;;0;2;;;;;;;;;;;;;;;;;;;;;;;;;;;;;;;;;;;;;;;;;;;;;;;;;;;;;;;;;;;;;;;;28,5;648;0;0;2;25,7;22,4;30,1;197;0;989;3;OUT;;0;0;0;1;1;1;0;0;-;-;-;1;;;;-
06/03/2023;;;4;6;;;;;;;;;;;;;;;;;;;;;;;;;;;;;;;;;;;;;;;;;;;;;;;;;;;;;;;;;;;;;;;;28,7;912;0;4;6;24;22,5;28,7;124;0;912;3;OUT;;0;0,2;0,2;1;1;1;0;0;-;-;1;1;;;;>0
07/03/2023;;09:15;13,6;17,6;7,1;6,8;;;7;225;187;;;169;24,8;24,7;;;24,6;4,3;4;;;2,1;;9,83;27,6;;;14,1;0,11;0,56;4,13;0,25;0,77;1,14;2,54;0,24;0,11;0,16;0,23;1,05;0;6,2;14;9,9;120300;2419600;;3050;67500;129970;212;808;188;61,8594;61,87;58,9024;58,9428;61,0019;61,0113;15,6;17,7;2,1;2,16;0,0613;0,62;27,6;538;0;14;18;25,2;22,2;29,4;186;0;834;3;OUT;03/07/2023 09:15;0;0,2;4,4;1;1;1;0;0;1;1;1;1;3,48;4,83;5,11;>0
08/03/2023;;;15,2;32,8;;;;;;;;;;;;;;;;;;;;;;;;;;;;;;;;;;;;;;;;;;;;;;;;;;;;;;;;;;;;;;;;28;846;0;15;33;24,9;21,6;29,7;230;0;937;3;OUT;;0;4,2;13,2;1;1;1;0;0;-;-;1;1;;;;>0
09/03/2023;;09:50;0;28,8;7,1;6,9;;;6,9;268;189;;;216;24,6;24,9;;;24,6;5,3;6,3;;;2,4;;8;26,8;;;14,1;0,25;0,41;1,32;0,25;2,96;2,03;2,39;0,25;0,22;0,22;1,28;1,89;3,35;0;12;1,8;;224700;;11590;39500;17290;306;474;248;61,859;61,8743;58,9039;58,9276;61,0024;61,0148;15,6;16,6;1;0,71;0,02026;1,89;29,7;692;0;0;29;27,1;22,7;30,9;247;0;976;3;OUT;03/09/2023 09:50;0;0;0;1;1;1;0;0;-;1;-;1;4,06;4,6;4,24;-
10/03/2023;;;0;15,2;;;;;;;;;;;;;;;;;;;;;;;;;;;;;;;;;;;;;;;;;;;;;;;;;;;;;;;;;;;;;;;;28;466;0;0;15;26,6;23,7;30,7;164;0;698;3;OUT;;0;0;0;1;1;1;0;0;-;-;-;1;;;;-
11/03/2023;;;5,4;5,4;;;;;;;;;;;;;;;;;;;;;;;;;;;;;;;;;;;;;;;;;;;;;;;;;;;;;;;;;;;;;;;;28,3;1011;0;5;5;25,2;22,3;28,3;197;0;1011;3;OUT;;0;0,2;5,4;1;1;1;0;0;-;-;1;1;;;;>0
12/03/2023;;;4,8;10,2;;;;;;;;;;;;;;;;;;;;;;;;;;;;;;;;;;;;;;;;;;;;;;;;;;;;;;;;;;;;;;;;28;686;0;5;10;25,5;22,7;28;233;0;926;3;OUT;;0;1,4;1,4;1;1;1;0;0;-;-;1;1;;;;>0
13/03/2023;;08:30;25,8;36;7,8;7;;;6,9;233;182;;;284;23,9;23,9;;;24;4,8;4,1;;;3,2;;10,1;17,8;;;12,8;0,22;0,44;2,08;0,18;1,69;1,81;2,64;0,07;0;0;2,42;0,27;0,71;6,7;11;9,4;435200;;1732900;16800;119600;104400;462;1006;178;61,8592;61,8823;58,9041;58,9544;61,0026;61,0115;15,6;17,9;2,3;2,47;0,0702;0,54;27,8;386;1;26;36;25,4;22,6;28,4;184;0;726;3;OUT;3/13/2023 8:30:00;0,8;1,6;12,8;1;1;1;0;0;1;1;1;1;4,23;5,08;5,02;>0
14/03/2023;Poda e medição 15/03;08:15;0;30,6;7,5;7,2;;;7,1;234;190;;;203;23,8;24;;;23,8;5,6;4,1;;;3,1;;9,72;18,1;;;9,28;0,06;0,27;3,08;0,17;3,8;2,83;2,8;0,18;0,04;0,15;1,77;2,56;2,02;1;7,7;2,1;;;;63100;124300;104400;246;402;226;66,2146;66,2269;66,9615;66,9816;68,6282;68,6395;15,6;17,8;2,2;2,31;0,0657;0,58;27,7;398;0;0;31;25;22,8;28,3;169;0;719;3;OUT;3/14/2023 8:15:00;0;0;0;1;1;1;0;0;-;1;-;1;4,8;5,09;5,02;-
15/03/2023;Poda e medição;;13,2;39;;;;;;;;;;;;;;;;;;;;;;;;;;;;;;;;;;;;;;;;;;;;;;;;;;;;;;;;;;;;;;;;28;564;0;13;39;25,9;23,8;28,8;217;0;752;3;OUT;;0;0,2;8,4;1;1;1;1;1;-;-;1;1;;;;>0
16/03/2023;;08:30;3,6;16,8;6,8;6,9;;;6,8;227;221;;;229;23,8;23,7;;;23,7;3,85;3,7;;;2,8;;6,59;16,9;;;16;0,17;0,19;4,24;0,15;2,93;2,18;3,2;0,22;0,04;0,06;4,61;0;0;0;11;0,4;;1413600;1413600;86800;57200;51800;998;284;214;61,8607;61,9106;58,6283;58,6425;61,0023;61,013;15,6;17,6;2;2,01;0,05701;0,67;28,2;669;0;4;17;24,7;21,2;28,6;224;0;855;3;OUT;3/16/2023 8:30:00;0;0,2;3,4;1;1;1;0;0;1;1;1;1;4,94;4,76;4,71;>0
17/03/2023;;;0,2;17;;;;;;;;;;;;;;;;;;;;;;;;;;;;;;;;;;;;;;;;;;;;;;;;;;;;;;;;;;;;;;;;28,3;514;0;0;17;25,7;23,1;29,5;232;0;967;3;OUT;;0;0;0,2;1;1;1;0;0;-;-;1;1;;;;>0
18/03/2023;;;0;3,8;;;;;;;;;;;;;;;;;;;;;;;;;;;;;;;;;;;;;;;;;;;;;;;;;;;;;;;;;;;;;;;;28,9;948;0;0;4;24,6;20,4;29,5;290;0;965;3;OUT;;0;0;0;1;1;1;0;0;-;-;-;1;;;;-
19/03/2023;;;0;0,2;;;;;;;;;;;;;;;;;;;;;;;;;;;;;;;;;;;;;;;;;;;;;;;;;;;;;;;;;;;;;;;;29;928;0;0;0;24,9;20,8;29,8;285;0;973;3;OUT;;0;0;0;1;1;1;0;0;-;-;-;1;;;;-
20/03/2023;;;0;0;;;;;;;;;;;;;;;;;;;;;;;;;;;;;;;;;;;;;;;;;;;;;;;;;;;;;;;;;;;;;;;;31,9;901;0;0;0;27,4;24,9;31,9;276;0;950;3;OUT;;0;0;0;1;1;1;0;0;-;-;-;-;;;;-
21/03/2023;;;0;0;;;;;;;;;;;;;;;;;;;;;;;;;;;;;;;;;;;;;;;;;;;;;;;;;;;;;;;;;;;;;;;;29,1;893;0;0;0;26,4;21,3;33,4;237;0;918;3;OUT;;0;0;0;1;1;1;0;0;-;-;-;-;;;;-
22/03/2023;;;0;0;;;;;;;;;;;;;;;;;;;;;;;;;;;;;;;;;;;;;;;;;;;;;;;;;;;;;;;;;;;;;;;;28,2;608;0;0;0;26;24,2;29,1;199;0;916;3;OUT;;0;0;0;1;1;1;0;0;-;-;-;-;;;;-
23/03/2023;;;31,6;31,6;;;;;;;;;;;;;;;;;;;;;;;;;;;;;;;;;;;;;;;;;;;;;;;;;;;;;;;;;;;;;;;;27;630;0;32;32;25,4;23,7;29,5;147;0;758;3;OUT;;0;8,4;20,8;1;1;1;0;0;-;-;1;1;;;;>0
24/03/2023;;;2,6;34,2;;;;;;;;;;;;;;;;;;;;;;;;;;;;;;;;;;;;;;;;;;;;;;;;;;;;;;;;;;;;;;;;28,8;822;0;3;34;26;23;28,9;226;0;822;3;OUT;;0,2;0,2;0,2;1;1;1;0;0;-;-;1;1;;;;>0
25/03/2023;;;0;34,2;;;;;;;;;;;;;;;;;;;;;;;;;;;;;;;;;;;;;;;;;;;;;;;;;;;;;;;;;;;;;;;;27,6;521;0;0;34;24,5;22;28,7;174;0;781;3;OUT;;0;0;0;1;1;1;0;0;-;-;-;1;;;;-
26/03/2023;;;0;2,6;;;;;;;;;;;;;;;;;;;;;;;;;;;;;;;;;;;;;;;;;;;;;;;;;;;;;;;;;;;;;;;;30;497;0;0;3;26,4;24,8;30,4;201;0;705;3;OUT;;0;0;0;1;1;1;0;0;-;-;-;1;;;;-
27/03/2023;;;0;0;;;;;;;;;;;;;;;;;;;;;;;;;;;;;;;;;;;;;;;;;;;;;;;;;;;;;;;;;;;;;;;;27,3;908;0;0;0;24,6;20,3;29;227;0;908;3;OUT;;0;0;0;1;1;1;0;0;-;-;-;-;;;;-
28/03/2023;;;0;0;;;;;;;;;;;;;;;;;;;;;;;;;;;;;;;;;;;;;;;;;;;;;;;;;;;;;;;;;;;;;;;;26;905;0;0;0;22,5;17,9;27,9;232;0;931;3;OUT;;0;0;0;1;1;1;0;0;-;-;-;-;;;;-
29/03/2023;;;2,4;2,4;;;;;;;;;;;;;;;;;;;;;;;;;;;;;;;;;;;;;;;;;;;;;;;;;;;;;;;;;;;;;;;;29,5;847;0;2;2;24,9;22,7;29,5;222;0;907;3;OUT;;0;0;0,6;1;1;1;0;0;-;-;1;1;;;;>0
30/03/2023;;09:30;5;7,4;6,8;6,6;;;6,5;176;207;;;204;23,7;23,4;;;23,4;4,4;4,8;;;1,8;;7,61;21;;;7,74;0,08;0,18;2,22;0,1;1,04;2,02;1,81;0,16;0,05;0,03;2,63;0,57;0,5;0,1;0,3;6,1;111200;410600;648800;1000;13400;14600;282;410;222;66,2125;66,2266;57,3797;57,4002;56,6331;56,6442;15,6;16;0,4;0,18;0,00514;7,43;27,8;870;0;5;7;24,2;20,1;30,5;234;0;883;3;OUT;3/30/2023 9:30:00;0;0;0,8;1;1;1;0;0;1;1;1;1;3;4,13;4,16;>0
31/03/2023;;;0;7,4;;;;;;;;;;;;;;;;;;;;;;;;;;;;;;;;;;;;;;;;;;;;;;;;;;;;;;;;;;;;;;;;28,6;863;0;0;7;25;20,7;29;249;0;873;3;OUT;;0;0;0;1;1;1;0;0;-;-;-;1;;;;-
01/04/2023;;;0;5;;;;;;;;;;;;;;;;;;;;;;;;;;;;;;;;;;;;;;;;;;;;;;;;;;;;;;;;;;;;;;;;25,2;868;0;0;5;24,1;21,6;28,7;192;0;868;4;OUT;;0;0;0;1;1;1;0;0;-;-;-;1;;;;-
02/04/2023;;;0;0;;;;;;;;;;;;;;;;;;;;;;;;;;;;;;;;;;;;;;;;;;;;;;;;;;;;;;;;;;;;;;;;25,9;807;0;0;0;21,3;16,2;25,9;257;0;947;4;OUT;;0;0;0;1;1;1;0;0;-;-;-;-;;;;-
03/04/2023;;;0;0;;;;;;;;;;;;;;;;;;;;;;;;;;;;;;;;;;;;;;;;;;;;;;;;;;;;;;;;;;;;;;;;26;774;0;0;0;22,6;17,7;26;250;0;887;4;OUT;;0;0;0;1;1;1;0;0;-;-;-;-;;;;-
04/04/2023;;08:45;0;0;7,2;6,8;;;6,8;188;206;;;198;24;23,2;;;23,3;4,3;3,6;;;2,5;;10,8;14,7;;;3,1;0,26;0,44;1,97;0,2;2,82;2,52;2,18;0,15;0,08;0;2,01;0,01;0,26;0;1,7;5,5;1046200;1986300;387300;31500;4000;50600;234;372;252;66,2139;66,2256;57,3827;57,4013;56,6386;56,6512;15,6;15,9;0,3;0,12;0,00334;11,43;27,7;858;0;0;0;23,7;19,9;27,7;232;0;858;4;OUT;04/04/2023 08:45;0;0;0;1;1;1;0;0;-;-;-;-;4,5;3,6;4,7;-
05/04/2023;;;0;0;;;;;;;;;;;;;;;;;;;;;;;;;;;;;;;;;;;;;;;;;;;;;;;;;;;;;;;;;;;;;;;;26,7;666;0;0;0;24,8;21,3;28,9;222;0;865;4;OUT;;0;0;0;1;1;1;0;0;-;-;-;-;;;;-
06/04/2023;;;0;0;;;;;;;;;;;;;;;;;;;;;;;;;;;;;;;;;;;;;;;;;;;;;;;;;;;;;;;;;;;;;;;;23,9;328;0;0;0;22,7;21,1;26,1;132;0;727;4;OUT;;0;0;0;1;1;1;0;0;-;-;-;-;;;;-
07/04/2023;;;28,2;28,2;;;;;;;;;;;;;;;;;;;;;;;;;;;;;;;;;;;;;;;;;;;;;;;;;;;;;;;;;;;;;;;;20;163;1;28;28;19,9;18;24,6;60;0;428;4;OUT;;3,4;12;24,2;1;1;1;0;0;-;-;1;1;;;;>0
08/04/2023;;;6;34,2;;;;;;;;;;;;;;;;;;;;;;;;;;;;;;;;;;;;;;;;;;;;;;;;;;;;;;;;;;;;;;;;20,5;161;2;6;34;19,9;19,3;21,3;61;0;228;4;OUT;;2,2;2,6;2,6;1;1;1;0;0;-;-;1;1;;;;>0
09/04/2023;;;1;36,6;;;;;;;;;;;;;;;;;;;;;;;;;;;;;;;;;;;;;;;;;;;;;;;;;;;;;;;;;;;;;;;;24,6;415;0;1;37;21,3;19,9;24,6;120;0;415;4;OUT;;0;0;0;1;1;1;0;0;-;-;1;1;;;;>0
10/04/2023;;;3,8;12,2;;;;;;;;;;;;;;;;;;;;;;;;;;;;;;;;;;;;;;;;;;;;;;;;;;;;;;;;;;;;;;;;25,3;818;0;4;12;22,1;20,4;25,3;133;0;818;4;OUT;;0;0,4;3,4;1;1;1;0;0;-;-;1;1;;;;>0
11/04/2023;;;0;6,2;;;;;;;;;;;;;;;;;;;;;;;;;;;;;;;;;;;;;;;;;;;;;;;;;;;;;;;;;;;;;;;;27;828;0;0;6;24,2;22,2;27;229;0;828;4;OUT;;0;0;0;1;1;1;0;0;-;-;-;1;;;;-
12/04/2023;;;0;3,8;;;;;;;;;;;;;;;;;;;;;;;;;;;;;;;;;;;;;;;;;;;;;;;;;;;;;;;;;;;;;;;;27,9;820;0;0;4;23,5;19,8;27,9;232;0;837;4;OUT;;0;0;0;1;1;1;0;0;-;-;-;1;;;;-
13/04/2023;;;0;0;;;;;;;;;;;;;;;;;;;;;;;;;;;;;;;;;;;;;;;;;;;;;;;;;;;;;;;;;;;;;;;;26,6;805;0;0;0;24,6;19,8;29,4;225;0;829;4;OUT;;0;0;0;1;1;1;0;0;-;-;-;-;;;;-
14/04/2023;;;10,8;10,8;;;;;;;;;;;;;;;;;;;;;;;;;;;;;;;;;;;;;;;;;;;;;;;;;;;;;;;;;;;;;;;;20,4;112;6;11;11;22,9;20,4;26,6;136;0;816;4;OUT;;6,4;10,8;10,8;1;1;1;0;0;-;-;1;1;;;;>0
15/04/2023;;;28,6;42,4;;;;;;;;;;;;;;;;;;;;;;;;;;;;;;;;;;;;;;;;;;;;;;;;;;;;;;;;;;;;;;;;22,6;276;0;29;42;20,2;18,8;22,8;61;0;296;4;OUT;;0;0;2,2;1;1;1;0;0;-;-;1;1;;;;>0
16/04/2023;;;0;42,4;;;;;;;;;;;;;;;;;;;;;;;;;;;;;;;;;;;;;;;;;;;;;;;;;;;;;;;;;;;;;;;;24,1;508;0;0;42;21,5;19,1;24,1;135;0;557;4;OUT;;0;0;0;1;1;1;0;0;-;-;-;1;;;;-
17/04/2023;;;4,4;36;;;;;;;;;;;;;;;;;;;;;;;;;;;;;;;;;;;;;;;;;;;;;;;;;;;;;;;;;;;;;;;;25,9;670;0;4;36;23,5;21,2;26,6;154;0;670;4;OUT;;0;0;2,4;1;1;1;0;0;-;-;1;1;;;;>0
18/04/2023;;;14,2;18,6;;;;;;;;;;;;;;;;;;;;;;;;;;;;;;;;;;;;;;;;;;;;;;;;;;;;;;;;;;;;;;;;21,8;573;0;14;19;20,7;18,7;25,6;131;0;707;4;OUT;;0,6;1;6,6;1;1;1;0;0;-;-;1;1;;;;>0
19/04/2023;redução de macrofitas pequenas, e maturidade;08:50;0,6;19,2;7,6;7,3;;;7,1;211;220;;;216;21,2;21,1;;;21,1;4,3;3,6;;;2,4;;7,2;9,2;;;5,4;0;0,06;0,06;0;1,87;2,2;2;0,14;0,15;0,11;2,73;0;0;4,1;0;3,1;248100;307600;157600;81300;164400;263100;820;850;340;56,6344;56,6754;64,3618;64,4043;60,5091;60,5261;15,6;16,5;0,9;0,61;0,01731;2,21;23,4;805;0;1;19;19,9;15,7;23,4;175;0;805;4;OUT;4/19/2023 8:50:00;0;0;0;1;1;1;0;0;1;1;1;1;4,91;5,22;5,42;>0
20/04/2023;;;0;14,8;;;;;;;;;;;;;;;;;;;;;;;;;;;;;;;;;;;;;;;;;;;;;;;;;;;;;;;;;;;;;;;;22;800;0;0;15;17,8;11,1;24,1;191;0;838;4;OUT;;0;0;0;1;1;1;0;0;-;-;-;1;;;;-
21/04/2023;;;0;0,6;;;;;;;;;;;;;;;;;;;;;;;;;;;;;;;;;;;;;;;;;;;;;;;;;;;;;;;;;;;;;;;;22,4;478;0;0;1;17,7;12,7;23;162;0;810;4;OUT;;0;0;0;1;1;1;0;0;-;-;-;1;;;;-
22/04/2023;;;0,4;0,4;;;;;;;;;;;;;;;;;;;;;;;;;;;;;;;;;;;;;;;;;;;;;;;;;;;;;;;;;;;;;;;;24,2;680;0;0;0;20,3;18,1;24,2;147;0;705;4;OUT;;0;0,2;0,4;1;1;1;0;0;-;-;1;1;;;;>0
23/04/2023;;;0;0,4;;;;;;;;;;;;;;;;;;;;;;;;;;;;;;;;;;;;;;;;;;;;;;;;;;;;;;;;;;;;;;;;24,7;431;0;0;0;20,7;16,6;25,5;162;0;561;4;OUT;;0;0;0;1;1;1;0;0;-;-;-;1;;;;-
24/04/2023;;14:00;15,4;15,8;7;7,1;;;6,8;198;174;;;183;22,7;23;;;22,5;4,4;4,4;;;2,9;;8,24;6,62;;;5,8;0,23;0,09;0,09;0,06;3,2;1,82;2,4;0,22;0,4;0,23;0,2;0,71;2,42;6,1;5,6;4,7;140800;325500;248100;1000;2000;3000;156;228;112;64,3632;64,371;56,6369;56,6483;60,5222;60,5278;15,6;16,6;1;0,71;0,02026;1,89;24;301;0;15;16;20,9;18,6;24,2;121;0;535;4;OUT;4/24/2023 14:00:00;0;0;2,4;1;1;1;0;0;1;1;1;1;3;3,3;3,48;>0
25/04/2023;;;0,2;15,6;;;;;;;;;;;;;;;;;;;;;;;;;;;;;;;;;;;;;;;;;;;;;;;;;;;;;;;;;;;;;;;;24,7;611;0;0;16;20,7;17,4;24,7;118;0;611;4;OUT;;0;0;0,2;1;1;1;0;0;-;-;1;1;;;;>0
26/04/2023;;;0;15,6;;;;;;;;;;;;;;;;;;;;;;;;;;;;;;;;;;;;;;;;;;;;;;;;;;;;;;;;;;;;;;;;23,6;200;0;0;16;21,7;18,4;26,9;121;0;637;4;OUT;;0;0;0;1;1;1;0;0;-;-;-;1;;;;-
27/04/2023;;;0;0,2;;;;;;;;;;;;;;;;;;;;;;;;;;;;;;;;;;;;;;;;;;;;;;;;;;;;;;;;;;;;;;;;25,2;759;0;0;0;22;18,2;26,8;188;0;759;4;OUT;;0;0;0;1;1;1;0;0;-;-;-;1;;;;-
28/04/2023;;;0;0;;;;;;;;;;;;;;;;;;;;;;;;;;;;;;;;;;;;;;;;;;;;;;;;;;;;;;;;;;;;;;;;24,1;749;0;0;0;21,4;16,7;25,6;190;0;782;4;OUT;;0;0;0;1;1;1;0;0;-;-;-;-;;;;-
29/04/2023;;;0;0;;;;;;;;;;;;;;;;;;;;;;;;;;;;;;;;;;;;;;;;;;;;;;;;;;;;;;;;;;;;;;;;23,2;485;0;0;0;20,2;16,3;24,4;166;0;763;4;OUT;;0;0;0;1;1;1;0;0;-;-;-;-;;;;-
30/04/2023;;;0;0;;;;;;;;;;;;;;;;;;;;;;;;;;;;;;;;;;;;;;;;;;;;;;;;;;;;;;;;;;;;;;;;25,2;386;0;0;0;21,1;16,4;25,3;134;0;436;4;OUT;;0;0;0;1;1;1;0;0;-;-;-;-;;;;-
